FullID,PopID,AB10Freq,ab10round,Species,Region,Group,Altitude,1C_GS,Total_Reads,Total_corr,180knobreads,180knob%,180knobMB,180knobuncorMB,TR1total,TR1%,TR1MB,TR1uncorMB,CentCreads,CentC%,CentCMB,CentCuncorMB,Cpreads,CP%,CPMB,CPuncorMB,mtreads,mt%,mtMB,mtuncorMB,cDNAreads,cDNA%,cDNAMB,cDNAuncorMB,TotallTereads,TotallTe%,TotallTeMB,TotallTeuncorMB,TotFTereads,TotFTe%,TotFTeMB,TotFTeuncorMBRIMME0021.avg,RIMME0021,,,mexicana,MH,1,2094,3.0325,975863.5,905493.9583,97143.75,10.87630167,329.8238482,306.1022842,9656.333333,1.117374766,33.88438977,31.44933929,4464.75,0.488143014,14.80293691,13.73437603,56981,6.375639136,193.3412568,179.3222782,23265.08333,2.582813038,78.32380538,72.64033409,47104.45833,5.194458796,157.521963,146.1488864,607388,67.02083279,2032.406754,1885.765495,183843.1667,1728054.345,618.1230314,573.5413097RIMMME026.avg,RIMMME026,0.333333333,0.333333333,mexicana,MH,1,2214,3.08,916375.5,851086.3194,97267.91667,11.49180666,353.9476452,328.9994515,3126.333333,0.371718557,11.44893155,10.64355329,3666.833333,0.42113834,12.97106088,12.0530975,53878.25,6.135530018,188.9743246,175.5405727,20992.66667,2.383918418,73.42468729,68.2104289,44296.51389,5.196746071,160.059779,148.780029,566031.6667,66.52570779,2048.9918,1904.678668,169408.4167,1496963.191,613.1660322,569.9642807RIMME0028.avg,RIMME0028,0.25,0.25,mexicana,MH,1,1916,2.795,1483805.833,1380340.833,124000.0833,9.04928567,252.9275345,235.8633481,16004.83333,1.141176343,31.89587879,29.72786815,6749.416667,0.49089532,13.7205242,12.78735635,81257.66667,5.669707775,158.4683323,147.389765,32635.5,2.27331578,63.53917605,59.09728197,70829.5,5.071158388,141.738877,132.0076317,918868.4167,66.50337463,1858.769321,1731.638395,263078.6667,3076989.966,531.7570381,495.4260876RIMME0029.avg,RIMME0029,0.166666667,0.166666667,mexicana,MH,1,1547,2.76,851030.0833,784419.8472,47894.5,6.378347888,176.0424017,162.652555,6583,0.800933421,22.10576242,20.39835093,3992.083333,0.49689851,13.71439889,12.66119895,64573.41667,7.899748019,218.0330453,201.1385339,24927.58333,3.01355961,83.17424525,76.72767701,41682.65278,5.282398095,145.7941874,134.6226261,520698.25,66.28055769,1829.343392,1689.285046,145151.1667,2460288.566,510.9127229,471.8012655RIMME0030.avg,RIMME0030,0.166666667,0.166666667,mexicana,MH,1,2458,2.945,1235016.5,1152939.139,130525.6667,11.19971377,329.8315705,308.0013746,5167.083333,0.456858898,13.45449454,12.55542715,5311.75,0.453879026,13.36673731,12.47806829,60768,5.29175917,155.8423075,145.2806089,24490.5,2.112478255,62.21248461,58.00443865,57586.86111,5.019912028,147.8364092,137.9930001,758455.0833,65.96437333,1942.650794,1813.409504,217905.0833,1947982.287,560.0308043,522.7816338RIMME0031.avg,RIMME0031,0,0,mexicana,MH,1,2609,3.1625,1077262.333,1005856.333,143924.3333,14.54428109,459.9628895,429.5485303,5578.166667,0.571657517,18.07866898,16.89316627,4696.166667,0.453005486,14.32629848,13.37563808,43592,4.709578397,148.9404168,139.0402697,20682.08333,2.118182061,66.98750767,62.52435357,50723.91667,4.985980337,157.6816282,147.2096933,665624.4167,65.76199352,2079.723045,1941.728226,199536.9167,1406412.64,629.7200039,587.9701957RIMME0032.avg,RIMME0032,0.166666667,0.166666667,mexicana,MH,1,2016,2.84,1212376.663,1122472.04,92398.34204,8.60947068,259.8343522,240.9296393,11004.89205,0.973829606,29.16955973,26.94880151,5088.703535,0.453227968,13.54222798,12.53863198,82530.79419,7.452741321,223.9590178,206.4694344,34025.68068,3.019755437,90.74282451,83.67475895,55878.94213,5.012423527,149.7782397,138.5935772,749744.2721,66.54028853,1990.197201,1842.567847,213601.6533,3498202.748,572.2964779,529.8787714RIMME0033.avg,RIMME0033,0.25,0.25,mexicana,MH,1,1657,2.7175,1197589.25,1112051.431,79148.41667,7.318051676,198.8680543,184.7324204,6352.833333,0.583842966,15.86593261,14.73376949,6024.333333,0.53372524,14.5039834,13.47344875,57458.58333,5.265865598,143.0998976,132.7569399,24523.33333,2.220193051,60.33374617,55.98069151,61014.48611,5.454143976,148.2163625,137.6562074,756456.5,67.80501116,1842.601178,1711.36207,206907,2986846.108,506.5148282,470.4439304RIMME0034.avg,RIMME0034,0,0,mexicana,MH,1,2173,2.735,1863103.778,1735206.778,86461.44444,5.063438529,138.4850438,128.9489895,5340.444444,0.306170598,8.373765868,7.793755941,9497.222222,0.54082737,14.79162857,13.78459023,91958.44444,5.352987212,146.4042002,136.2403484,39513.44444,2.282362195,62.42260604,58.10035969,88383.55556,5.081516096,138.9794652,129.2710749,1199724.444,69.08632918,1889.511103,1760.029951,315630.1111,6581484.44,497.9039497,463.7577967RIMME0035.avg,RIMME0035,0.083333333,0.083333333,mexicana,MH,1,2237,3.16,1078252.083,1001881.694,147093.75,14.68749157,464.1247336,431.0966807,7541.833333,0.773629027,24.44667726,22.70338086,4310.083333,0.423132795,13.37099633,12.41708991,69444.5,7.295242008,230.5296474,213.8706939,27956.5,2.898956241,91.60701722,84.98866531,48413.88889,4.80591441,151.8668953,140.9938107,645614,64.07885442,2024.8918,1880.059656,198053.3333,1357165.402,622.015407,577.5472621